{
  "meta": {
    "timestamp": "2025-12-15T13:21:21.611438+00:00",
    "mode": "rsa",
    "n": 200,
    "concurrency": 8,
    "pqc_backend": "mock",
    "oqs_alg": null,
    "mock_level": 3,
    "fault": null
  },
  "summary": {
    "accepted": 200,
    "rejected": 0,
    "wall_time_s": 5.531605040326435,
    "throughput_msg_per_s": 36.155871314376675,
    "signing": {
      "count": 200,
      "mean_ms": 6.096635045633179,
      "p50_ms": 6.069420733817179,
      "p90_ms": 8.7472498476043,
      "p95_ms": 9.364989291522656,
      "p99_ms": 10.928002116294504,
      "max_ms": 12.645999033289765
    },
    "verification": {
      "count": 200,
      "mean_ms": 27.658025201632164,
      "p50_ms": 28.116398567907407,
      "p90_ms": 33.50087217437431,
      "p95_ms": 35.871361544285605,
      "p99_ms": 40.832836073932185,
      "max_ms": 45.329404026880994
    },
    "end_to_end": {
      "count": 200,
      "mean_ms": 35.754660247265335,
      "p50_ms": 36.12367403214164,
      "p90_ms": 42.32680097881663,
      "p95_ms": 44.53298400914999,
      "p99_ms": 49.54778864982598,
      "max_ms": 55.48315900361342
    },
    "message_size": {
      "count": 200,
      "mean_bytes": 1106.0,
      "p50_bytes": 1106.0,
      "p95_bytes": 1106.0,
      "max_bytes": 1106.0
    }
  },
  "raw": {
    "sign_times_ms": [
      10.081838242770365,
      0.8886699373716365,
      6.836197693451558,
      4.86446078774414,
      5.094701415779109,
      5.568805673820468,
      1.960027741705498,
      5.536135244711621,
      4.269573847450117,
      12.645999033289765,
      6.451573226455843,
      5.294738411316809,
      5.4374251636972994,
      4.6639073077821,
      3.8896988975897573,
      5.218398045530691,
      6.963890777013572,
      5.522892786853267,
      7.915517405919529,
      5.60039574186684,
      6.04851913015333,
      9.091641702425624,
      7.090211045375289,
      4.989542528771964,
      5.63432205080453,
      7.081050263509605,
      9.870176068197706,
      5.460759345316173,
      5.512882641841791,
      8.004627202551383,
      4.227080113678825,
      5.416559535120272,
      7.765077934912968,
      7.160700032381798,
      6.183033406564705,
      7.340208709656959,
      0.34367538631247463,
      8.04261363500016,
      4.080710480383717,
      2.662760314688061,
      6.552891519041999,
      7.40108977069878,
      5.110465088634432,
      3.8471883197983847,
      6.052249667068067,
      5.894505383514241,
      8.811196332036186,
      7.494815974958701,
      6.38763129252924,
      8.223266410447984,
      5.588953900188415,
      4.148200852703264,
      7.168116622050496,
      7.16507683731138,
      5.570342177746288,
      4.434382844072068,
      6.4583078104265255,
      1.012211443084019,
      7.380249540325624,
      6.982736521489983,
      2.722285712219023,
      6.122707019676343,
      4.071800672917519,
      7.514442089516301,
      1.931665453113144,
      4.171010924010822,
      7.419159975484135,
      8.312802096864313,
      1.683989239747584,
      5.003920310497393,
      6.656040185085154,
      4.781567724100259,
      9.181280462646288,
      3.6175466367644384,
      6.709063892573852,
      3.9031889629109777,
      8.811925886269771,
      5.956697541888883,
      5.2554988719987685,
      2.563630100534767,
      9.363651090133361,
      7.505557185394775,
      7.507127675018724,
      8.275762517835563,
      6.6984531562460585,
      4.721506778847157,
      4.399517545939796,
      4.39960004127799,
      8.740144682667424,
      3.0792375976091746,
      4.807260976458423,
      5.357512161427609,
      6.449238050698188,
      7.150698777015618,
      3.5018059818089147,
      2.539973097454956,
      5.991171534756065,
      8.427127650572164,
      7.514116118593049,
      6.431301567399921,
      5.36568871196529,
      6.586467391600449,
      5.513329828515649,
      7.63441316098519,
      4.411105322226236,
      6.268479894172677,
      5.778439727776812,
      7.086718779060305,
      6.449277047298754,
      11.100069272615812,
      8.997309516270967,
      8.99347433103702,
      1.9209923248107152,
      5.319366750595245,
      4.78277876817414,
      7.065443199778079,
      1.4419470218893462,
      8.348997358018375,
      8.133966621790629,
      3.3958582835084106,
      4.042902942757174,
      4.397655978437637,
      6.08659180056629,
      7.281942129378942,
      10.095772110714666,
      5.605109140224658,
      7.5350051178072395,
      6.310835620118869,
      9.519852567816507,
      7.484315722423138,
      8.73710090174896,
      3.8446496204330747,
      5.615518576948098,
      4.372455156315919,
      9.009894808016615,
      7.315279807635545,
      5.389711148444968,
      5.095064225859197,
      6.969329756413403,
      4.597008939640893,
      4.138822247575689,
      6.962548984543065,
      10.926264064210452,
      5.507732891870374,
      4.888268438412891,
      3.657686331948914,
      3.3299780848812346,
      7.049966469128452,
      7.701606065557105,
      6.018349441764981,
      6.665151977352417,
      6.231833155014208,
      6.277309692094442,
      2.947681894834305,
      5.0837634539015575,
      6.222958615179896,
      4.4336664388726295,
      5.047140512280365,
      4.361759639344531,
      5.333006651603117,
      7.706216548650271,
      5.1868392986888034,
      5.69225863960579,
      7.627436718876236,
      7.289540428313833,
      9.390415117919266,
      1.8190298437428236,
      7.713717889046212,
      5.035431826453836,
      6.2693836376357615,
      7.675438769798128,
      8.16650631138269,
      8.078701380617671,
      6.310213382156506,
      9.219325366036628,
      5.434051545567726,
      5.718036173858427,
      7.598702377788173,
      4.897255184039072,
      10.321812517402494,
      8.038413130709245,
      10.351150645240788,
      5.9468216256884405,
      5.233822899477386,
      6.334096004333851,
      7.469153005212381,
      4.825144626251977,
      6.759403493944895,
      5.966391442158331,
      9.231363521152888,
      4.674596375398268,
      8.092323543457438,
      4.712272928919982,
      4.0787316137851555,
      4.579401145248753,
      3.6196282763155057,
      6.292700720132904,
      8.06252159215733,
      6.328629757069597,
      7.248650224369751
    ],