{
  "meta": {
    "timestamp": "2025-12-15T13:21:21.620314+00:00",
    "mode": "hybrid",
    "n": 200,
    "concurrency": 8,
    "pqc_backend": "mock",
    "oqs_alg": null,
    "mock_level": 3,
    "fault": null
  },
  "summary": {
    "accepted": 200,
    "rejected": 0,
    "wall_time_s": 47.45718376084658,
    "throughput_msg_per_s": 4.214325085278348,
    "signing": {
      "count": 200,
      "mean_ms": 51.57574245593478,
      "p50_ms": 51.4228283501611,
      "p90_ms": 65.15985641226425,
      "p95_ms": 68.06455437520631,
      "p99_ms": 74.87718207681658,
      "max_ms": 77.53796753004379
    },
    "verification": {
      "count": 200,
      "mean_ms": 237.28591880423303,
      "p50_ms": 236.75313116473683,
      "p90_ms": 280.7736494832875,
      "p95_ms": 296.8518934496814,
      "p99_ms": 314.15028538843654,
      "max_ms": 326.6078451848727
    },
    "end_to_end": {
      "count": 200,
      "mean_ms": 290.86166126016786,
      "p50_ms": 289.8144906884856,
      "p90_ms": 337.11115543658883,
      "p95_ms": 350.7502911277719,
      "p99_ms": 366.961166256343,
      "max_ms": 387.56112894326117
    },
    "message_size": {
      "count": 200,
      "mean_bytes": 4399.0,
      "p50_bytes": 4399.0,
      "p95_bytes": 4399.0,
      "max_bytes": 4399.0
    }
  },
  "raw": {
    "sign_times_ms": [
      48.56392671665347,
      44.14149701411387,
      68.47343760736352,
      56.45593828606669,
      33.68072846993264,
      50.51677303210115,
      40.725390331821565,
      52.022450477231885,
      33.187696005586226,
      60.06371780205828,
      53.80538241383039,
      66.05099872563144,
      53.60387532841632,
      54.76937392475851,
      33.958532047947436,
      72.74568929277096,
      32.80743519743057,
      61.54091134507811,
      49.61647666718103,
      41.79393056258887,
      44.48566902086302,
      47.37149489583907,
      55.89210196786521,
      48.888955575991446,
      65.4600336811431,
      33.785010029056096,
      54.8393664215392,
      41.54020146210027,
      58.27160111642239,
      31.824026780700702,
      45.79013661268401,
      52.51828880848129,
      37.92239209494946,
      62.012855860963676,
      52.970167697748664,
      62.4087764167278,
      54.93552397305759,
      43.24406797125339,
      41.10275290148833,
      45.629435456969034,
      59.03248877867335,
      60.910762680454205,
      43.013616381547585,
      42.77521646724507,
      43.07402051540278,
      45.05212309194077,
      51.431962556388925,
      51.17666549805605,
      71.96877597750635,
      48.15922981258368,
      47.70171022989619,
      53.73397814364354,
      42.63737596635124,
      48.478805346087285,
      50.70352698935642,
      57.17584231424471,
      38.29815922295896,
      59.72690601595425,
      48.85567588130958,
      53.676900732526235,
      56.19316875156413,
      57.7306362369466,
      59.66411953467249,
      54.24642025383508,
      46.735531919368086,
      52.33579631680683,
      42.462006073618284,
      65.4546757867063,
      38.9301267533373,
      37.40148151167147,
      72.22012799447045,
      48.417118328971746,
      42.39003173934681,
      67.14024383789373,
      48.411937648322855,
      59.5239468407666,
      45.51703865279501,
      48.468897329342575,
      33.37020533723519,
      28.474236512182046,
      44.59930520950603,
      51.725167000083815,
      60.486984776879154,
      77.53796753004379,
      41.37982320529996,
      59.811909776535465,
      43.3561079610808,
      47.87430698024948,
      38.928228499695024,
      33.289380228904946,
      42.022654948453344,
      38.426405938421404,
      51.41369414393327,
      45.12555413903041,
      61.0087767192878,
      49.07017021026991,
      52.64355342732824,
      64.8014796375005,
      57.69523880895998,
      51.05797174653923,
      49.45845509529126,
      50.37698101958376,
      61.28054938906813,
      60.46526932785221,
      53.07028490128799,
      59.25677316499542,
      45.333106739223304,
      57.19694682573697,
      37.32594041759536,
      69.57277479517481,
      54.897792104919986,
      55.82740433875139,
      52.91483078276531,
      50.22227100698521,
      47.241699919014515,
      63.963289420592176,
      47.599453728988294,
      44.190280628411365,
      57.529555779582644,
      31.344653861633436,
      65.5983273151138,
      47.68634485643287,
      51.54543033503128,
      74.85964671494736,
      76.61318290187108,
      51.763175939898154,
      58.78366862359619,
      62.21263427317267,
      71.34006263253185,
      51.173386728126765,
      55.089703041004846,
      61.09099184324894,
      53.311021602718306,
      56.91745372919807,
      60.10849006753803,
      40.966160324720704,
      41.80030103025446,
      23.68167578422897,
      49.36812271424582,
      62.98538322294842,
      38.04675481078495,
      64.30058471872815,
      65.92172579394718,
      49.959311025473156,
      49.81215200076746,
      49.486017740544085,
      39.7191089470909,
      49.22666242281374,
      52.235962999764794,
      57.13772889815992,
      59.58328043352933,
      43.80445264014239,
      59.53444110292878,
      40.16897648984556,
      48.39459812412706,
      54.91801217188587,
      49.20713246847189,
      48.77753220786276,
      52.056172218182695,
      44.805016167056635,
      46.17955510709102,
      48.14569822077582,
      60.304970763566445,
      51.61075591528147,
      71.33475375712621,
      56.53294783542548,
      17.075043662337393,
      48.31818092147108,
      66.68577290019819,
      51.3328419874801,
      48.29710200610717,
      44.42990892140109,
      66.31667966301274,
      61.33845865201563,
      60.93967385853833,
      54.71507094897755,
      65.12709870399291,
      60.81071940176722,
      37.599251151786284,
      63.006247916578175,
      54.73467648187974,
      54.2479527081641,
      58.58070290824359,
      50.51768795097488,
      21.99854746435649,
      68.04303420509278,
      60.202344640308475,
      50.533511285266655,
      47.2424251518499,
      56.49784779016932,
      36.83065810781129,
      56.1563801798583,
      47.41030232113347,
      45.54922319016387,
      40.34821558676047,
      41.83326626977106,
      62.35566506971352,
      66.41273192044117,
      56.35701046598006,
      51.79328403930748
    ],