{
  "meta": {
    "timestamp": "2025-12-15T13:21:21.615889+00:00",
    "mode": "pqc",
    "n": 200,
    "concurrency": 8,
    "pqc_backend": "mock",
    "oqs_alg": null,
    "mock_level": 3,
    "fault": null
  },
  "summary": {
    "accepted": 200,
    "rejected": 0,
    "wall_time_s": 41.925578720520164,
    "throughput_msg_per_s": 4.770357526445102,
    "signing": {
      "count": 200,
      "mean_ms": 45.4791074103016,
      "p50_ms": 44.96682322328829,
      "p90_ms": 58.24920148698394,
      "p95_ms": 61.63789497190359,
      "p99_ms": 67.52779538062356,
      "max_ms": 69.26220501220823
    },
    "verification": {
      "count": 200,
      "mean_ms": 209.6278936026009,
      "p50_ms": 208.98441945523734,
      "p90_ms": 249.6985077222215,
      "p95_ms": 268.7216739824828,
      "p99_ms": 282.63646686898915,
      "max_ms": 295.9067782819849
    },
    "end_to_end": {
      "count": 200,
      "mean_ms": 257.1070010129025,
      "p50_ms": 256.79486532345913,
      "p90_ms": 301.4746896923023,
      "p95_ms": 312.6230466131119,
      "p99_ms": 328.8684337780578,
      "max_ms": 350.8950715528076
    },
    "message_size": {
      "count": 200,
      "mean_bytes": 4143.0,
      "p50_bytes": 4143.0,
      "p95_bytes": 4143.0,
      "max_bytes": 4143.0
    }
  },
  "raw": {
    "sign_times_ms": [
      38.4820884738831,
      43.25282707674223,
      61.63723991391197,
      51.59147749832255,
      28.586027054153533,
      44.94796735828068,
      38.76536259011607,
      46.48631523252026,
      28.91812215813611,
      47.417718768768516,
      47.353809187374544,
      60.75626031431463,
      48.16645016471902,
      50.105466616976415,
      30.068833150357676,
      67.52729124724027,
      25.843544420416997,
      56.01801855822484,
      41.7009592612615,
      36.19353482072203,
      38.43714989070969,
      38.279853193413445,
      48.80189092248992,
      43.89941304721948,
      59.82571163033857,
      26.703959765546493,
      44.96919035334149,
      36.079442116784094,
      52.7587184745806,
      23.81939957814932,
      41.563056499005185,
      47.101729273361016,
      30.15731416003649,
      54.85215582858188,
      46.78713429118396,
      55.06856770707084,
      54.591848586745115,
      35.201454336253235,
      37.022042421104615,
      42.96667514228098,
      52.47959725963135,
      53.50967290975542,
      37.90315129291315,
      38.92802814744669,
      37.02177084833471,
      39.15761770842653,
      42.62076622435274,
      43.681849523097355,
      65.58114468497712,
      39.9359634021357,
      42.11275632970778,
      49.58577729094028,
      35.469259344300745,
      41.3137285087759,
      45.13318481161013,
      52.74145947017264,
      31.839851412532433,
      58.71469457287023,
      41.47542634098396,
      46.69416421103625,
      53.470883039345104,
      51.60792921727026,
      55.59231886175497,
      46.73197816431878,
      44.80386646625494,
      48.164785392796006,
      35.04284609813415,
      57.14187368984199,
      37.246137513589716,
      32.39756120117408,
      65.56408780938528,
      43.63555060487149,
      33.208751276700525,
      63.52269720112929,
      41.702873755749,
      55.62075787785562,
      36.70511276652524,
      42.51219978745369,
      28.114706465236424,
      25.91060641164728,
      35.23565411937267,
      44.219609814689036,
      52.97985710186043,
      69.26220501220823,
      34.681370049053896,
      55.09040299768831,
      38.95659041514101,
      43.47470693897149,
      30.188083817027604,
      30.210142631295774,
      37.21539397199492,
      33.0688937769938,
      44.96445609323508,
      37.97485536201479,
      57.50697073747889,
      46.53019711281495,
      46.65238189257218,
      56.37435198692834,
      50.18112269036693,
      44.62667017913931,
      44.092766383325966,
      43.79051362798331,
      55.767219560552476,
      52.83085616686702,
      48.65917957906176,
      52.988293270822744,
      39.55466701144649,
      50.11022804667667,
      30.876663370296612,
      58.472705522559004,
      45.90048258864902,
      46.83393000771437,
      50.99383845795459,
      44.90290425638997,
      42.458921150840375,
      56.897846220814095,
      46.157506707098946,
      35.84128327039299,
      49.39558915779202,
      27.948795578125026,
      61.555424372356626,
      43.28868887799523,
      45.45883853446499,
      67.57770458556841,
      66.51741079115642,
      46.1580667996735,
      51.248663505788954,
      55.9017986530538,
      61.82021006471535,
      43.689071005703624,
      46.352602139255886,
      57.24634222281587,
      47.69550302577021,
      52.54499857288215,
      51.09859525952141,
      33.650880517085156,
      36.41058988180949,
      18.58661155836977,
      42.39879295783242,
      58.38837428330753,
      33.90793256320926,
      57.338035734185084,
      54.99546172973672,
      44.45157813360278,
      44.92388356235457,
      45.82833140859517,
      36.38913086220967,
      42.17669595368529,
      44.53435693420769,
      51.11937945639494,
      52.918128456176916,
      37.57261948512818,
      53.25713141083434,
      37.22129459501126,
      43.3108346702255,
      48.69505355670597,
      44.77346602959926,
      43.7303916955824,
      47.69441257883816,
      39.472009515453514,
      38.473338558440744,
      42.95885892208702,
      54.612712123960655,
      43.98331919640524,
      64.04521332881238,
      47.142532717506214,
      15.256013818594568,
      40.604463032424874,
      61.65034107374436,
      45.06345834984434,
      40.62166323630904,
      36.2634026100184,
      58.23797828239506,
      55.02824526985913,
      51.7203484925017,
      49.28101940340982,
      59.40906253013449,
      53.21201702397905,
      32.70199596774721,
      52.68443539917568,
      46.696263351170494,
      43.896802062923314,
      52.633881282555144,
      45.28386505149749,
      15.66445146002264,
      60.573881199880404,
      55.3772000140565,
      43.77410779132176,
      41.27603370969157,
      47.26648426901643,
      32.15606173241302,
      48.06405663640086,
      42.69802939221349,
      41.47049157637872,
      35.768814441511715,
      38.213637993455556,
      56.06296434958061,
      58.35021032828384,
      50.02838070891046,
      44.544633814937725
    ],